Cellphone name,Display,Processor,Front Camera,Rear Camera,Form Factor,Battery Capacity,Operating System,Storage,RAM,3G,4G/LTE,5G,Date Released,Price
Techno Camon 6,6.80 inch (720),Unknown,16MP,64MP+2MP+2MP,Touchscreen,500mAh,Android 10,16GB,4GB,Yes,No,No,10-Oct-20,Unknown
Realme Q2,6.5-inch (1080x2400),MediaTek Dimensity 800U,16MP,48MP + 8MP + 2MP,Touchscreen,4300mAh,Android 10,64GB,8Gb,Yes ,Yes ,No,13-Oct-20,Unknown
Realme Q2 Pro,6.40-inch (1080x2400),MediaTek Dimensity 800U,16MP ,48MP + 8MP + 2MP,Touchscreen,4300mAh,Android 10,128GB,8GB,Yes,Yes ,No,13-Nov-20,Unknown
IPhone 12 Pro,6.10-Inch (1170x2532),Unknown,12MP ,12MP+ 12MP + 12MP,Touchscreen,Unknown,IOS 14,64GB,8GB,Yes,Yes ,Yes,13-Oct-20,"129,900"
Realme Q21,6.50-inch,MediaTek Dimensity 720,8MP,13MP,Touchscreen,5000mAh,Android 10,128GB,4GB,Yes ,Yes ,Yes,13-Oct-20,Unknown
IPhone 12 ,6.10-Inch (1170x2532),Unknown,12MP ,12MP + 12MP,Touchscreen,Unknown,IOS 14,64GB,Unknown,Yes,Yes ,Yes,13-Oct-20,"79,900"
IPhone 12 mini,5.40-inch (1080x2340),Unknown,12MP ,12MP + 12MP,Touchscreen,Unknown,IOS 14,64GB,Unknown,Yes,Yes ,Yes,13-Oct-20,"69,900"
IPhone 12 Pro Max,6.70-inch (1284x2778),Unknown,12MP ,12MP + 12MP + 12MP,Touchscreen,Unknown,IOS 14,128GB,Unknown,Yes,Yes ,Yes,13-Oct-20,"119,900"
Techno Camon 16,6.80-inch (720),Unknown,16MP,64MP+2MP+2MP,Touchscreen,500mAh,Android 10,64GB,4GB,Yes,Yes ,No,13-Oct-20,"10,999"
Nokia 215 4G,2.40-inch,No,No,No,Keypad,500mAh,No,8GB,No,Yes,Yes ,No,10-Oct-20,Unknown
Nokia 225 4G,2.40-inch,No,No,No,Keypad,500mAh,No,8GB,No,Yes,Yes ,No,10-Oct-20,Unknown
Infinix Infinix Zero 8i,6.85-inch,MediaTek Helio G90T,16MP+8MP,48MP+8MP+2MP,Touchscreen,4500mAh,Android 10,128GB,8GB,Yes,Yes ,Yes,9-Oct-20,Unknown
Samsung Galaxy F41,6.40-inch (1080x2340),Samsung Exynos 9611,32MP,64MP + 8MP + 5MP,Touchscreen,6000mAh,Android 10,64GB,6GB,Yes,Yes ,No,8-Oct-20,"16,999"
Poco C3,6.53-inch (720x1600),MediaTek Helio G35,8MP,13MP,Touchscreen,5000mAh,Android 9,32GB,3GB,Yes,Yes,No,6-Oct-20,"7,499"
Glonee S12 Lite,6.52-inch (720x1600),MediaTek Helio A25,8MP,13MP + 5MP + 2MP,Touchscreen,4000mAh,Android 10,32GB,3GB,Yes ,Yes,No ,5-Oct-20,Unknown
Oppo A73,6.44-inch (1020x2400),Qualcomm Snapdragon 662,16MP,16MP + 8MP + 2MP + 2MP,Touchscreen,4000mAh,Android 10,128GB,6GB,Yes,Yes,No,5-Oct-20,Unknown
Oppo A93,6.43-inch (1080x2400),MediaTek Helio P95,16MP + 2MP,48MP + 8MP + 2MP,Touchscreen,4000mAh,Android 10,128GB,8GB,Yes,Yes,No,1-Oct-20,Unknown
Vivo Y73s,6.44-inch (1020x2400),MediaTek Dimensity 720,16MP,48MP + 8MP + 2MP,Touchscreen,4100mAh,Android 10 ,128GB,8GB,Yes,Yes,No,20-Oct,Unknown
Samsung Galaxy A3 Core,5.30-inch (720x1480),Quad-core,5MP,8MP,Touchscreen,4100mAh,Android Go Edition,16GB,1GB,Yes,Yes,No,1-Oct-20,Unknown
Xiaomi MI 10T 5G ,6.67-inch (1080x2400),Qualcomm Snapdragon 865,20MP,64MP + 13MP + 5MP,Touchscreen,5000mAh,Android 10,128GB,6GB,Yes ,Yes,No,30-Sep-20,Unknown
Xiomi MI 10T Pro 5G,6.67-inch (1080x2400),Qualcomm Snapdragon 856,20MP,108MP + 13MP + 5MP,Touchscreen,5000mAh,Android 10,128GB,8GB,Yes ,Yes ,No,30-Sep-20,Unknown
Google Pixel 5,6.00-inch (1080x2340),Qualcomm Snapdragon 764G,8MP,12.2MP + 16MP,Touchscreen,4080mAh,Android 11,128GB,8GB,Yes,Yes ,Yes,30-Sep-20,Unknown
Xiomi MI 10T Lite 5G,6.67-inch (1080x2400),Qualcomm Snapdragon 750G,16MP,64MP + 8MP + 2MP + 2MP,Touchscreen,4820mAh,Android 10,64GB,6GB,Yes ,Yes,Yes,30-Sep-20,Unknown
Vivo X50e 5G,6.44-inch (1040x2400),Qualcomm Snapdragon 765G,32MP,48MP + 13MP + 8MP,Touchscreen,4350mAh,Android 10,128GB,8GB,Yes,Yes,Yes,30-Sep-20,Unknown
Google Pixel 4a 5G,6.20-inch (1080x2340),Qualcomm Snapdragon 765G,8MP,12.2MP + 16MP,Touchscreen,3885mAh,Android 11,128GB,6GB,Yes,Yes,Yes,30-Oct-20,Unknown
OnePLus 8T,6.55-inch (1080x2400),Unknown,16MP,48MP + 16MP + 5MP + 2MP,Touchscreen,4500mAh,Android 11,256GB,12GB,Yes,Yes ,Yes,14-Oct-20,"42,900"
Gionee S12 Lite,6.52-inch (720x1600),MediaTek Helio A25,8MP,13MP + 5MP + 2MP,Touchscreen,4000mAh,,,,,,,,
